company_name,homepage_text,ai_enrichment,industry,company_size,hq_location
Zoho,"Zoho offers a suite of business applications for CRM, marketing, finance, and HR.","Based on the provided company homepage text, here's an analysis and suggested AI automation opportunities:

Analysis:

* The text is concise and to the point, clearly stating the company's primary focus on offering a suite of business applications.
* The categories mentioned (CRM, marketing, finance, and HR) are common and relevant to business operations.
* The language is straightforward, but lacks any unique selling points or differentiators that set Zoho apart from competitors.

Suggested AI Automation Opportunities:

1. Enhancing content personalization: Analyze customer data and preferences to create personalized content recommendations based on their interests and needs.
2. Automating FAQ answers: Use natural language processing (NLP) to analyze customer queries and automatically generate answers to frequently asked questions, reducing the workload for customer support teams.
3. Streamlining content creation: Utilize AI-powered content generation tools to create high-quality content (e.g., blog posts, social media updates) that resonates with the target audience.
4. Predictive analytics for customer engagement: Leverage machine learning algorithms to analyze customer behavior and predict their likelihood of engagement, enabling targeted marketing efforts.
5. Dynamic content optimization: Analyze website traffic and user behavior to optimize content presentation, such as summarizing lengthy content or using visuals to improve engagement.
6. Implementing a conversational AI chatbot: Develop a chatbot that can assist customers with basic inquiries, freeing up human support agents to focus on complex issues.
7. Sentiment analysis and feedback management: Monitor customer feedback and sentiment analytics to identify areas for improvement and address customer concerns.
8. Automated content translation: Translate Zoho's content, including documentation and website text, into multiple languages to expand its global reach.

By implementing these AI automation opportunities, Zoho can enrich its customer experience, streamline processes, and gain a competitive edge in the market.",SaaS,"10,000+","Chennai, India"
OpenAI,OpenAI is an AI research and deployment company dedicated to ensuring AGI benefits all of humanity.,"Based on the provided company homepage text, here are some potential AI automation opportunities:

1. Natural Language Processing (NLP):
	* Automatic text summarization: AI can summarize the main points of the text for easier understanding and accessibility.
	* Sentiment analysis: AI can analyze the tone and sentiment of the text to identify the company's focus on the benefits of AGI.
	* Entity recognition: AI can identify key entities such as ""OpenAI"" and ""AGI"" to enable search functionality and provide a better user experience.
2. Entity Extractor:
	* Extract key terms and phrases such as ""AI research"", ""deployment company"", and ""ensure AGI benefits all humanity"" to enable more targeted and relevant search results.
3. Chatbot Integration:
	* Develop a chatbot that can engage with users, providing information about OpenAI's mission and goals, and answering frequently asked questions.
4. Translation and Localization:
	* Translate the text into multiple languages to reach a broader audience and enable wider adoption of AGI.
5. Data Analytics:
	* Track metrics such as website traffic, user engagement, and sentiment analysis to identify trends and areas for improvement.
	* Visualize data using charts, graphs, and other data visualization tools to present insights and recommendations.
6. Content Generation:
	* Generate high-quality content such as blog posts, articles, and whitepapers on topics related to AI and AGI, using natural language generation (NLG) techniques.
7. Automation of FAQs:
	* Leverage AI-powered FAQ systems to automate the answering of frequently asked questions, freeing up customer support resources.
8. Image and Video Processing:
	* Apply AI-powered image processing techniques to automatically generate thumbnails, optimize images for web use, and create interactive images and videos.

By implementing these AI automation opportunities, OpenAI can enhance user engagement, streamline processes, and accelerate the development of AGI.",AI/ML,500â€“1000,"San Francisco, CA"
